{
  "experiment": "exp1_baseline_vs_shake",
  "timestamp": "2026-01-09T14:12:31.350543",
  "phase_duration_sec": 15.0,
  "F_ratio": 0.955992853094609,
  "sigma2_rho_baseline": 0.06504326689161377,
  "sigma2_rho_shake": 0.06218089829030797,
  "max_delta_rho": 0.04228663566825669,
  "delta_rho_ab": 0.0068302275267895785,
  "delta_rho_bc": 0.008598819884776648,
  "delta_rho_ac": -0.04228663566825669,
  "verdict": "none",
  "phases": {
    "baseline_a": {
      "name": "BASELINE_A",
      "duration_sec": 15.020385980606079,
      "n_samples": 11350,
      "temp_start": 52.0,
      "temp_end": 56.0,
      "rho_ab_mean": -0.2632680336166765,
      "rho_bc_mean": -0.10056525849941116,
      "rho_ac_mean": 0.143069948080897,
      "rho_ab_var": 0.01752402435037886,
      "rho_bc_var": 0.0238566245697154,
      "rho_ac_var": 0.022949593392235398,
      "rho_var_total": 0.06433024231232966,
      "mean_a_avg": 0.4282621164022563,
      "mean_b_avg": 0.4439816491141718,
      "mean_c_avg": 0.4951500511537039
    },
    "shake": {
      "name": "SHAKE",
      "duration_sec": 15.015970468521118,
      "n_samples": 11479,
      "temp_start": 55.0,
      "temp_end": 58.0,
      "rho_ab_mean": -0.2342364743180203,
      "rho_bc_mean": -0.106642844634809,
      "rho_ac_mean": 0.08941049477039167,
      "rho_ab_var": 0.018423812617842577,
      "rho_bc_var": 0.023528647025247436,
      "rho_ac_var": 0.02022843864721796,
      "rho_var_total": 0.06218089829030797,
      "mean_a_avg": 0.42808155569426637,
      "mean_b_avg": 0.44375530320942347,
      "mean_c_avg": 0.49513252983110706
    },
    "baseline_b": {
      "name": "BASELINE_B",
      "duration_sec": 15.015376567840576,
      "n_samples": 11488,
      "temp_start": 56.0,
      "temp_end": 58.0,
      "rho_ab_mean": -0.21886537007294324,
      "rho_bc_mean": -0.12991807053976012,
      "rho_ac_mean": 0.12032431279639971,
      "rho_ab_var": 0.019082018025164803,
      "rho_bc_var": 0.025403452388172012,
      "rho_ac_var": 0.02127082105756108,
      "rho_var_total": 0.0657562914708979,
      "mean_a_avg": 0.42808569209717606,
      "mean_b_avg": 0.44380357753080746,
      "mean_c_avg": 0.4950874871509487
    }
  }
}