{
  "experiment": "exp15_probe_characterization",
  "timestamp": "2026-01-09T21:27:13.127184",
  "lyapunov": {
    "r_values": [
      3.7,
      3.71,
      3.7199999999999998,
      3.7299999999999995,
      3.7399999999999993,
      3.749999999999999,
      3.759999999999999,
      3.7699999999999987,
      3.7799999999999985,
      3.7899999999999983,
      3.799999999999998,
      3.809999999999998,
      3.8199999999999976,
      3.8299999999999974,
      3.839999999999997,
      3.849999999999997,
      3.8599999999999968,
      3.8699999999999966,
      3.8799999999999963,
      3.889999999999996,
      3.899999999999996
    ],
    "exponents": [
      0.3526571389369863,
      0.3633541397827877,
      0.3617686318987997,
      0.3701672105636973,
      -0.1118753675181641,
      0.359582950604909,
      0.39590633825715255,
      0.41294421221040783,
      0.4106277181094486,
      0.4259931300743967,
      0.42849248845137256,
      0.437128453608357,
      0.43827786502909655,
      -0.3695399143545805,
      -0.044301625772808204,
      0.006645469481388338,
      0.3772337298258328,
      0.4326073272208428,
      0.47026258068290144,
      0.48863426040877955,
      0.49562504783900485
    ],
    "max_chaos_r": 3.899999999999996,
    "r_379_exponent": 0.4259931300743967
  },
  "r_sweep": {
    "candidates": [
      {
        "r_d": 3.77,
        "baseline_mean": -0.0008002809245264875,
        "attack_mean": -0.007731102815306256,
        "delta_rho": -0.006930821890779768,
        "baseline_sigma": 0.043485763277413075,
        "z_score": 0.1593814013695766,
        "d_baseline": -0.0018237726021400281,
        "d_attack": -0.008112757023052185,
        "d_delta": -0.006288984420912157,
        "detectable_3sigma": false
      },
      {
        "r_d": 3.78,
        "baseline_mean": 0.002014981911694689,
        "attack_mean": 0.0032616761893949956,
        "delta_rho": 0.0012466942777003068,
        "baseline_sigma": 0.04218180403554122,
        "z_score": 0.029555262184848156,
        "d_baseline": 0.0005207380259038659,
        "d_attack": -0.00025622164121629366,
        "d_delta": -0.0007769596671201596,
        "detectable_3sigma": false
      },
      {
        "r_d": 3.79,
        "baseline_mean": -0.0027663443581781937,
        "attack_mean": -0.0007313816915440445,
        "delta_rho": 0.0020349626666341493,
        "baseline_sigma": 0.042524027477606405,
        "z_score": 0.047854419897216505,
        "d_baseline": -0.0036703469130578044,
        "d_attack": 0.003703724119392378,
        "d_delta": 0.007374071032450183,
        "detectable_3sigma": false
      },
      {
        "r_d": 3.8,
        "baseline_mean": -0.0020474140328958093,
        "attack_mean": -0.006685528485497346,
        "delta_rho": -0.004638114452601537,
        "baseline_sigma": 0.0403314721610868,
        "z_score": 0.11499987984759333,
        "d_baseline": -0.00023988358061690545,
        "d_attack": -0.005657594558929117,
        "d_delta": -0.005417710978312212,
        "detectable_3sigma": false
      },
      {
        "r_d": 3.82,
        "baseline_mean": -0.0016306542694471864,
        "attack_mean": 0.001475033725355627,
        "delta_rho": 0.0031056879948028132,
        "baseline_sigma": 0.043104486963939974,
        "z_score": 0.07205022524455391,
        "d_baseline": -0.0016811624142276862,
        "d_attack": 0.0018856704497656588,
        "d_delta": 0.003566832863993345,
        "detectable_3sigma": false
      },
      {
        "r_d": 3.84,
        "baseline_mean": -0.000752325754452889,
        "attack_mean": -0.0010590940152185129,
        "delta_rho": -0.00030676826076562384,
        "baseline_sigma": 0.04207223593834505,
        "z_score": 0.007291465593014329,
        "d_baseline": -0.0012794510979700772,
        "d_attack": -0.0005321728104995732,
        "d_delta": 0.000747278287470504,
        "detectable_3sigma": false
      },
      {
        "r_d": 3.86,
        "baseline_mean": 0.0031940159917445143,
        "attack_mean": 0.0023208612137880446,
        "delta_rho": -0.0008731547779564698,
        "baseline_sigma": 0.04305274177447514,
        "z_score": 0.020281049289040648,
        "d_baseline": 0.0007357654847834679,
        "d_attack": 0.000733084180754542,
        "d_delta": -2.681304028925879e-06,
        "detectable_3sigma": false
      },
      {
        "r_d": 3.88,
        "baseline_mean": -0.005816849737129179,
        "attack_mean": 0.0006052440746791016,
        "delta_rho": 0.006422093811808281,
        "baseline_sigma": 0.037877838889995886,
        "z_score": 0.1695475243574272,
        "d_baseline": -0.010048738914404179,
        "d_attack": 0.0005334526298913846,
        "d_delta": 0.010582191544295563,
        "detectable_3sigma": false
      },
      {
        "r_d": 3.9,
        "baseline_mean": -0.0010860788199466588,
        "attack_mean": -0.00544246450070086,
        "delta_rho": -0.004356385680754201,
        "baseline_sigma": 0.04216423141374942,
        "z_score": 0.10331946141756584,
        "d_baseline": -0.0010185566442550142,
        "d_attack": -0.007021186054804032,
        "d_delta": -0.006002629410549018,
        "detectable_3sigma": false
      }
    ],
    "best_r_d": 3.88,
    "best_z_score": 0.1695475243574272
  },
  "relative_detection": {
    "attack_detection_rate": 0.0,
    "recovery_time": 0.0,
    "total_samples": 600
  },
  "theory": {
    "mechanism": "differential_probe",
    "key_insight": "D at r=3.79 samples different phase space region, maximizing mutual information change"
  }
}