{
  "experiment": "exp14_polarization_diagnostic",
  "timestamp": "2026-01-09T20:56:40.740556",
  "abc_order": {
    "rho_ab": -0.18284883510112887,
    "rho_bc": 0.25601383652805876,
    "rho_ac": 0.06915349443423155
  },
  "cba_order": {
    "rho_ab": 0.4491579855219995,
    "rho_bc": 0.1829587937876787,
    "rho_ac": 0.18385571451254706
  },
  "equal_r": {
    "rho_ab": 0.41569068142807974,
    "rho_bc": 0.4960011002530898,
    "rho_ac": 0.3784821883033984
  }
}