{
  "experiment": "exp1_baseline_vs_shake",
  "timestamp": "2026-01-09T14:07:49.518572",
  "phase_duration_sec": 10.0,
  "F_ratio": 0.9986205035478949,
  "var_baseline": 2.3001144224369805e-05,
  "var_shake": 2.2969414227517938e-05,
  "max_delta": 0.02463188574073446,
  "delta_ab": -0.007203380651189639,
  "delta_bc": -0.02463188574073446,
  "delta_ac": -0.009017581789087403,
  "verdict": "none",
  "phases": {
    "baseline_a": {
      "name": "BASELINE_A",
      "duration_sec": 10.01724100112915,
      "n_samples": 7661,
      "temp_start": 55.0,
      "temp_end": 59.0,
      "rho_ab": -0.33322385604990634,
      "rho_bc": 0.049856742003395134,
      "rho_ac": -0.17953397621654346,
      "var_a": 9.12143022878875e-06,
      "var_b": 5.554206168825144e-06,
      "var_c": 7.79969337464238e-06,
      "var_total": 2.2475329772256273e-05,
      "mean_a_avg": 0.43005429362133485,
      "mean_b_avg": 0.4433475559809052,
      "mean_c_avg": 0.4939299735064731
    },
    "shake": {
      "name": "SHAKE",
      "duration_sec": 10.018977880477905,
      "n_samples": 7663,
      "temp_start": 58.0,
      "temp_end": 60.0,
      "rho_ab": -0.3195600486448985,
      "rho_bc": -0.012004453102418424,
      "rho_ac": -0.18442394060176143,
      "var_a": 9.309252995847139e-06,
      "var_b": 5.852622307490998e-06,
      "var_c": 7.807538924179802e-06,
      "var_total": 2.2969414227517938e-05,
      "mean_a_avg": 0.4300192805124017,
      "mean_b_avg": 0.44319332524906574,
      "mean_c_avg": 0.4940063667471596
    },
    "baseline_b": {
      "name": "BASELINE_B",
      "duration_sec": 10.015712022781372,
      "n_samples": 7590,
      "temp_start": 57.0,
      "temp_end": 60.0,
      "rho_ab": -0.29148947993751134,
      "rho_bc": -0.024601876726763065,
      "rho_ac": -0.17127874140880459,
      "var_a": 9.380992108426474e-06,
      "var_b": 6.088702444243143e-06,
      "var_c": 8.057264123813721e-06,
      "var_total": 2.3526958676483336e-05,
      "mean_a_avg": 0.4300255608142443,
      "mean_b_avg": 0.44299975822487053,
      "mean_c_avg": 0.494037514198596
    }
  }
}