{
  "experiment": "exp6_spatial_sensor",
  "timestamp": "2026-01-09T16:20:24.200783",
  "parameters": {
    "n_blocks": 256,
    "duration": 15.0
  },
  "results": {
    "baseline": {
      "n_unique_sms": 76,
      "sm_ids": [
        0,
        1,
        2,
        3,
        4,
        5,
        6,
        7,
        8,
        9,
        10,
        11,
        12,
        13,
        14,
        15,
        16,
        17,
        18,
        19,
        20,
        21,
        22,
        23,
        24,
        25,
        26,
        27,
        28,
        29,
        30,
        31,
        32,
        33,
        34,
        35,
        36,
        37,
        38,
        39,
        40,
        41,
        42,
        43,
        44,
        45,
        46,
        47,
        48,
        49,
        50,
        51,
        52,
        53,
        54,
        55,
        56,
        57,
        58,
        59,
        60,
        61,
        62,
        63,
        64,
        65,
        66,
        67,
        68,
        69,
        70,
        71,
        72,
        73,
        74,
        75
      ],
      "within_sm_corr_mean": 0.05375607098667469,
      "within_sm_corr_std": 0.23285185673133743,
      "between_sm_corr_mean": 0.0010715127646755277,
      "between_sm_corr_std": 0.18737296694406366,
      "n_within_pairs": 312,
      "n_between_pairs": 32328
    },
    "compute_load": {
      "n_unique_sms": 76,
      "sm_ids": [
        0,
        1,
        2,
        3,
        4,
        5,
        6,
        7,
        8,
        9,
        10,
        11,
        12,
        13,
        14,
        15,
        16,
        17,
        18,
        19,
        20,
        21,
        22,
        23,
        24,
        25,
        26,
        27,
        28,
        29,
        30,
        31,
        32,
        33,
        34,
        35,
        36,
        37,
        38,
        39,
        40,
        41,
        42,
        43,
        44,
        45,
        46,
        47,
        48,
        49,
        50,
        51,
        52,
        53,
        54,
        55,
        56,
        57,
        58,
        59,
        60,
        61,
        62,
        63,
        64,
        65,
        66,
        67,
        68,
        69,
        70,
        71,
        72,
        73,
        74,
        75
      ],
      "within_sm_corr_mean": 0.05376049544684974,
      "within_sm_corr_std": 0.2328486802637243,
      "between_sm_corr_mean": 0.001070725462116577,
      "between_sm_corr_std": 0.18737027162771233,
      "n_within_pairs": 312,
      "n_between_pairs": 32328
    }
  }
}