{
  "experiment": "exp8_workload_fingerprint",
  "timestamp": "2026-01-09T16:31:19.042444",
  "fingerprints": {
    "idle": {
      "label": "idle",
      "n_samples": 25459,
      "n_windows": 200,
      "rho_ab_mean": -0.28583948034283596,
      "rho_ab_std": 0.048157234388917475,
      "rho_bc_mean": -0.027598473066878442,
      "rho_bc_std": 0.04044382934105853,
      "rho_ac_mean": 0.07228291527879832,
      "rho_ac_std": 0.04179792281154389,
      "fingerprint_vector": [
        -0.28583948034283596,
        -0.027598473066878442,
        0.07228291527879832,
        0.048157234388917475,
        0.04044382934105853,
        0.04179792281154389
      ]
    },
    "transformer": {
      "label": "transformer",
      "n_samples": 23224,
      "n_windows": 182,
      "rho_ab_mean": -0.31796333716053665,
      "rho_ab_std": 0.0491649910262191,
      "rho_bc_mean": 0.0006710272003750762,
      "rho_bc_std": 0.041293292893839914,
      "rho_ac_mean": 0.09290355115559913,
      "rho_ac_std": 0.04490503966297074,
      "fingerprint_vector": [
        -0.31796333716053665,
        0.0006710272003750762,
        0.09290355115559913,
        0.0491649910262191,
        0.041293292893839914,
        0.04490503966297074
      ]
    },
    "training": {
      "label": "training",
      "n_samples": 25000,
      "n_windows": 197,
      "rho_ab_mean": -0.32291598986859416,
      "rho_ab_std": 0.039814320189728185,
      "rho_bc_mean": -0.02226490209333591,
      "rho_bc_std": 0.04224412475583534,
      "rho_ac_mean": 0.12636353529945232,
      "rho_ac_std": 0.047846786641498405,
      "fingerprint_vector": [
        -0.32291598986859416,
        -0.02226490209333591,
        0.12636353529945232,
        0.039814320189728185,
        0.04224412475583534,
        0.047846786641498405
      ]
    },
    "mining": {
      "label": "mining",
      "n_samples": 22330,
      "n_windows": 175,
      "rho_ab_mean": -0.34462164416035745,
      "rho_ab_std": 0.03999354691112981,
      "rho_bc_mean": -0.014594802389085905,
      "rho_bc_std": 0.050744252246444826,
      "rho_ac_mean": 0.13351988385620428,
      "rho_ac_std": 0.03507772981322682,
      "fingerprint_vector": [
        -0.34462164416035745,
        -0.014594802389085905,
        0.13351988385620428,
        0.03999354691112981,
        0.050744252246444826,
        0.03507772981322682
      ]
    },
    "memory_stress": {
      "label": "memory_stress",
      "n_samples": 22867,
      "n_windows": 179,
      "rho_ab_mean": -0.31236539837697813,
      "rho_ab_std": 0.04722127886969473,
      "rho_bc_mean": 0.06853115777418956,
      "rho_bc_std": 0.04270916349333613,
      "rho_ac_mean": 0.12460074668456524,
      "rho_ac_std": 0.04107324507210684,
      "fingerprint_vector": [
        -0.31236539837697813,
        0.06853115777418956,
        0.12460074668456524,
        0.04722127886969473,
        0.04270916349333613,
        0.04107324507210684
      ]
    }
  },
  "comparisons": [
    {
      "euclidean_distance": 0.047620466010570885,
      "cosine_similarity": 0.9949199048200741,
      "mean_rho_diff": 0.03212385681770069,
      "t_statistic": 6.4300370457145,
      "p_value": 3.8335385036827793e-10,
      "significantly_different": 